[
 { "url":"motorola.jpg" ,"heading": "Motorola Zoom ", "desc":"The Next, Next Generation Experience the future with Motorola XOOM with Wi-Fi, the world's first tablet powered by Android 3.0 (Honeycomb)."},
{"url":"dell.jpg","heading": "Dell Strike", "desc":" Dell strike The Next, Next Generation Experience the future with MOTOROLA XOOM, the world's first tablet powered by Android 3.0 (Honeycomb)."},
  {"url":"samsung.jpg","heading": "Samsung gem", "desc":"samsung gem The Next, Next Generation Experience the future with MOTOROLA XOOM, the world's first tablet powered by Android 3.0 (Honeycomb)."},
    {"url":"nexus.jpg","heading": "Nexus S", "desc":" Nexus, Next Generation Experience the future with MOTOROLA XOOM, the world's first tablet powered by Android 3.0 (Honeycomb)."}


]
