[
  {"Name": "ABC", "address":"Delhi", "NoOfOrders":"10","Email":"ABC@123"},
  {"Name": "AVD", "address":"Jaipur", "NoOfOrders":"10","Email":"AVD@123"},
  {"Name": "ABE", "address":"Goa", "NoOfOrders":"10","Email":"ABE@123"},
  {"Name": "ABF", "address":"Amritsar", "NoOfOrders":"10","Email":"ABF@123"},
  {"Name": "ABG", "address":"Panjaab", "NoOfOrders":"10","Email":"ABG@123"},
  {"Name": "ABH", "address":"Bikaner", "NoOfOrders":"10","Email":"ABH@123"},
  {"Name": "ABI", "address":"jodhpur", "NoOfOrders":"10","Email":"ABI@123"},
  {"Name": "ABJ", "address":"Delhi", "NoOfOrders":"10","Email":"ABJ@123"},
  {"Name": "ABK", "address":"Delhi", "NoOfOrders":"10","Email":"ABK@123"},
  {"Name": "ABL", "address":"Jaipur", "NoOfOrders":"10","Email":"ABL@123"},
  {"Name": "ABM", "address":"Bikaner", "NoOfOrders":"10","Email":"ABM@123"}
]